round,mse_mean,mse_std,ssim_mean,ssim_std,label_acc
1,9.59034092791929e-07,6.216446211956903e-07,0.9999351286937384,4.9948707502096e-05,100.0
5,37554.37083770974,145447.45281358686,0.9324895252368177,0.2579711185943606,100.0
10,5.88017501286231e-06,3.5649869537231927e-06,0.9996729956760222,0.00022286360639027435,100.0
20,271373073.06667435,1051023392.5963264,0.9328312108537776,0.2580603352830639,100.0
50,13576.221887871146,43386.92302249744,0.7790413217450711,0.33232082492422993,93.33333333333333
