round,test_loss,test_acc
0,2.3041551357269285,0.0838
5,0.3050764290809631,0.9119
